﻿<parameters>
  <parameter name="IIS Web Application Name" defaultValue="Default Web Site/MakeItRainDev" tags="IisApp">
    <parameterEntry kind="ProviderPath" scope="IisApp" match="^C:\\Users\\Zach\\Documents\\RIT\\Classes\\Web\ Engineering\\MakeItRain\\MakeItRain\\obj\\Debug\\Package\\PackageTmp$" />
    <parameterEntry kind="ProviderPath" scope="setAcl" match="^C:\\Users\\Zach\\Documents\\RIT\\Classes\\Web\ Engineering\\MakeItRain\\MakeItRain\\obj\\Debug\\Package\\PackageTmp$" />
  </parameter>
  <parameter name="DefaultConnection-Web.config Connection String" defaultValue="Data Source=vm344b.se.rit.edu;Initial Catalog=MakeItRain;User ID=MakeItRainUser;Password=&quot;iDon'tC@r3&quot;;Asynchronous Processing=False;Network Library=dbmssocn">
    <parameterEntry kind="XmlFile" scope="C:\\Users\\Zach\\Documents\\RIT\\Classes\\Web\ Engineering\\MakeItRain\\MakeItRain\\obj\\Debug\\Package\\PackageTmp\\Web\.config$" match="/configuration/connectionStrings/add[@name='DefaultConnection']/@connectionString" />
  </parameter>
  <parameter name="DefaultConnection_DatabasePublish-Web.config Connection String" description="DefaultConnection Connection String used by Entity Framework Code First Model to deploy the database." defaultValue="Data Source=vm344b.se.rit.edu;Initial Catalog=MakeItRain;User ID=MakeItRainUser;Password=&quot;iDon'tC@r3&quot;;Asynchronous Processing=False;Network Library=dbmssocn">
    <parameterEntry kind="XmlFile" scope="C:\\Users\\Zach\\Documents\\RIT\\Classes\\Web\ Engineering\\MakeItRain\\MakeItRain\\obj\\Debug\\Package\\PackageTmp\\Web\.config$" match="/configuration/connectionStrings/add[@name='DefaultConnection_DatabasePublish']/@connectionString" />
  </parameter>
</parameters>