﻿<parameters>
  <parameter name="IIS Web Application Name" defaultValue="Default Web Site/MakeItRain" tags="IisApp">
    <parameterEntry kind="ProviderPath" scope="IisApp" match="^C:\\Users\\Master\\Source\\Repos\\MakeItRain\\MakeItRain\\obj\\Debug\\Package\\PackageTmp$" />
    <parameterEntry kind="ProviderPath" scope="setAcl" match="^C:\\Users\\Master\\Source\\Repos\\MakeItRain\\MakeItRain\\obj\\Debug\\Package\\PackageTmp$" />
  </parameter>
  <parameter name="DefaultConnection-Web.config Connection String" defaultValue="Data Source=localhost;Initial Catalog=MakeItRain;Persist Security Info=True;User ID=MakeItRainUser;Password=FuckTh1sShit!;Asynchronous Processing=False;Network Library=dbmssocn">
    <parameterEntry kind="XmlFile" scope="C:\\Users\\Master\\Source\\Repos\\MakeItRain\\MakeItRain\\obj\\Debug\\Package\\PackageTmp\\Web\.config$" match="/configuration/connectionStrings/add[@name='DefaultConnection']/@connectionString" />
  </parameter>
  <parameter name="DefaultConnection_DatabasePublish-Web.config Connection String" description="DefaultConnection Connection String used by Entity Framework Code First Model to deploy the database." defaultValue="Data Source=localhost;Initial Catalog=MakeItRain;Persist Security Info=True;User ID=MakeItRainUser;Password=FuckTh1sShit!;Asynchronous Processing=False;Network Library=dbmssocn">
    <parameterEntry kind="XmlFile" scope="C:\\Users\\Master\\Source\\Repos\\MakeItRain\\MakeItRain\\obj\\Debug\\Package\\PackageTmp\\Web\.config$" match="/configuration/connectionStrings/add[@name='DefaultConnection_DatabasePublish']/@connectionString" />
  </parameter>
</parameters>